{
  "tolerances": [
    0.01,
    0.003,
    0.001,
    0.0003,
    0.0001,
    3e-05,
    1e-05,
    1e-06,
    1e-07
  ],
  "nfe_by_norm": {
    "none": [
      34.32600021362305,
      43.413002014160156,
      48.30900192260742,
      57.7650032043457,
      65.79600524902344,
      73.76700592041016,
      82.82400512695312,
      116.34000396728516,
      163.60800170898438
    ],
    "layer": [
      28.827001571655273,
      32.90999984741211,
      39.204002380371094,
      48.11100387573242,
      58.10400390625,
      68.9520034790039,
      77.52900695800781,
      110.85600280761719,
      169.12501525878906
    ],
    "spectral": [
      26.250001907348633,
      30.612001419067383,
      38.69700241088867,
      43.650001525878906,
      52.6410026550293,
      54.39600372314453,
      62.625003814697266,
      82.85100555419922,
      114.57300567626953
    ]
  }
}